[
  {"regionId": "eu-ams", "regionName": "Amsterdam Metro", "countryCode": "NL", "latitude": 52.3676, "longitude": 4.9041, "continent": "Europe", "timeZone": "Europe/Amsterdam"},
  {"regionId": "eu-bru", "regionName": "Brussels Metro", "countryCode": "BE", "latitude": 50.8503, "longitude": 4.3517, "continent": "Europe", "timeZone": "Europe/Brussels"},
  {"regionId": "eu-fra", "regionName": "Frankfurt Metro", "countryCode": "DE", "latitude": 50.1109, "longitude": 8.6821, "continent": "Europe", "timeZone": "Europe/Berlin"},
  {"regionId": "eu-ber", "regionName": "Berlin Metro", "countryCode": "DE", "latitude": 52.5200, "longitude": 13.4050, "continent": "Europe", "timeZone": "Europe/Berlin"},
  {"regionId": "eu-mun", "regionName": "Munich Metro", "countryCode": "DE", "latitude": 48.1351, "longitude": 11.5820, "continent": "Europe", "timeZone": "Europe/Berlin"},
  {"regionId": "eu-par", "regionName": "Paris Metro", "countryCode": "FR", "latitude": 48.8566, "longitude": 2.3522, "continent": "Europe", "timeZone": "Europe/Paris"},
  {"regionId": "eu-lon", "regionName": "London Metro", "countryCode": "GB", "latitude": 51.5074, "longitude": -0.1278, "continent": "Europe", "timeZone": "Europe/London"},
  {"regionId": "eu-mad", "regionName": "Madrid Metro", "countryCode": "ES", "latitude": 40.4168, "longitude": -3.7038, "continent": "Europe", "timeZone": "Europe/Madrid"},
  {"regionId": "eu-bar", "regionName": "Barcelona Metro", "countryCode": "ES", "latitude": 41.3851, "longitude": 2.1734, "continent": "Europe", "timeZone": "Europe/Madrid"},
  {"regionId": "eu-lis", "regionName": "Lisbon Metro", "countryCode": "PT", "latitude": 38.7223, "longitude": -9.1393, "continent": "Europe", "timeZone": "Europe/Lisbon"},
  {"regionId": "eu-rom", "regionName": "Rome Metro", "countryCode": "IT", "latitude": 41.9028, "longitude": 12.4964, "continent": "Europe", "timeZone": "Europe/Rome"},
  {"regionId": "eu-mil", "regionName": "Milan Metro", "countryCode": "IT", "latitude": 45.4642, "longitude": 9.1900, "continent": "Europe", "timeZone": "Europe/Rome"},
  {"regionId": "eu-zrh", "regionName": "Zurich Metro", "countryCode": "CH", "latitude": 47.3769, "longitude": 8.5472, "continent": "Europe", "timeZone": "Europe/Zurich"},
  {"regionId": "eu-vie", "regionName": "Vienna Metro", "countryCode": "AT", "latitude": 48.2082, "longitude": 16.3738, "continent": "Europe", "timeZone": "Europe/Vienna"},
  {"regionId": "eu-pra", "regionName": "Prague Metro", "countryCode": "CZ", "latitude": 50.0755, "longitude": 14.4378, "continent": "Europe", "timeZone": "Europe/Prague"},
  {"regionId": "eu-war", "regionName": "Warsaw Metro", "countryCode": "PL", "latitude": 52.2297, "longitude": 21.0122, "continent": "Europe", "timeZone": "Europe/Warsaw"},
  {"regionId": "eu-sto", "regionName": "Stockholm Metro", "countryCode": "SE", "latitude": 59.3293, "longitude": 18.0686, "continent": "Europe", "timeZone": "Europe/Stockholm"},
  {"regionId": "eu-cph", "regionName": "Copenhagen Metro", "countryCode": "DK", "latitude": 55.6761, "longitude": 12.5683, "continent": "Europe", "timeZone": "Europe/Copenhagen"},
  {"regionId": "eu-ath", "regionName": "Athens Metro", "countryCode": "GR", "latitude": 37.9838, "longitude": 23.7275, "continent": "Europe", "timeZone": "Europe/Athens"},
  {"regionId": "eu-ist", "regionName": "Istanbul Metro", "countryCode": "TR", "latitude": 41.0082, "longitude": 28.9784, "continent": "Europe", "timeZone": "Europe/Istanbul"},
  {"regionId": "eu-mos", "regionName": "Moscow Metro", "countryCode": "RU", "latitude": 55.7558, "longitude": 37.6173, "continent": "Europe", "timeZone": "Europe/Moscow"},
  {"regionId": "eu-stpete", "regionName": "St. Petersburg Metro", "countryCode": "RU", "latitude": 59.9311, "longitude": 30.3609, "continent": "Europe", "timeZone": "Europe/Moscow"},
  {"regionId": "us-nyc", "regionName": "New York Metro", "countryCode": "US", "latitude": 40.7128, "longitude": -74.0060, "continent": "North America", "timeZone": "America/New_York"},
  {"regionId": "us-lax", "regionName": "Los Angeles Metro", "countryCode": "US", "latitude": 34.0522, "longitude": -118.2437, "continent": "North America", "timeZone": "America/Los_Angeles"},
  {"regionId": "us-chi", "regionName": "Chicago Metro", "countryCode": "US", "latitude": 41.8781, "longitude": -87.6298, "continent": "North America", "timeZone": "America/Chicago"},
  {"regionId": "us-dal", "regionName": "Dallas Metro", "countryCode": "US", "latitude": 32.7767, "longitude": -96.7970, "continent": "North America", "timeZone": "America/Chicago"},
  {"regionId": "us-hou", "regionName": "Houston Metro", "countryCode": "US", "latitude": 29.7604, "longitude": -95.3698, "continent": "North America", "timeZone": "America/Chicago"},
  {"regionId": "us-pho", "regionName": "Phoenix Metro", "countryCode": "US", "latitude": 33.4484, "longitude": -112.0742, "continent": "North America", "timeZone": "America/Phoenix"},
  {"regionId": "us-phd", "regionName": "Philadelphia Metro", "countryCode": "US", "latitude": 39.9526, "longitude": -75.1652, "continent": "North America", "timeZone": "America/New_York"},
  {"regionId": "us-sfo", "regionName": "San Francisco Metro", "countryCode": "US", "latitude": 37.7749, "longitude": -122.4194, "continent": "North America", "timeZone": "America/Los_Angeles"},
  {"regionId": "us-sea", "regionName": "Seattle Metro", "countryCode": "US", "latitude": 47.6062, "longitude": -122.3321, "continent": "North America", "timeZone": "America/Los_Angeles"},
  {"regionId": "us-den", "regionName": "Denver Metro", "countryCode": "US", "latitude": 39.7392, "longitude": -104.9903, "continent": "North America", "timeZone": "America/Denver"},
  {"regionId": "us-bos", "regionName": "Boston Metro", "countryCode": "US", "latitude": 42.3601, "longitude": -71.0589, "continent": "North America", "timeZone": "America/New_York"},
  {"regionId": "us-mia", "regionName": "Miami Metro", "countryCode": "US", "latitude": 25.7617, "longitude": -80.1918, "continent": "North America", "timeZone": "America/New_York"},
  {"regionId": "us-atl", "regionName": "Atlanta Metro", "countryCode": "US", "latitude": 33.7490, "longitude": -84.3880, "continent": "North America", "timeZone": "America/New_York"},
  {"regionId": "ca-tor", "regionName": "Toronto Metro", "countryCode": "CA", "latitude": 43.6532, "longitude": -79.3832, "continent": "North America", "timeZone": "America/Toronto"},
  {"regionId": "ca-van", "regionName": "Vancouver Metro", "countryCode": "CA", "latitude": 49.2827, "longitude": -123.1207, "continent": "North America", "timeZone": "America/Vancouver"},
  {"regionId": "ca-mon", "regionName": "Montreal Metro", "countryCode": "CA", "latitude": 45.5017, "longitude": -73.5673, "continent": "North America", "timeZone": "America/Toronto"},
  {"regionId": "mx-mex", "regionName": "Mexico City Metro", "countryCode": "MX", "latitude": 19.4326, "longitude": -99.1332, "continent": "North America", "timeZone": "America/Mexico_City"},
  {"regionId": "br-sao", "regionName": "São Paulo Metro", "countryCode": "BR", "latitude": -23.5505, "longitude": -46.6333, "continent": "South America", "timeZone": "America/Sao_Paulo"},
  {"regionId": "br-rio", "regionName": "Rio de Janeiro Metro", "countryCode": "BR", "latitude": -22.9068, "longitude": -43.1729, "continent": "South America", "timeZone": "America/Sao_Paulo"},
  {"regionId": "ar-bua", "regionName": "Buenos Aires Metro", "countryCode": "AR", "latitude": -34.6037, "longitude": -58.3816, "continent": "South America", "timeZone": "America/Argentina/Buenos_Aires"},
  {"regionId": "cl-san", "regionName": "Santiago Metro", "countryCode": "CL", "latitude": -33.8688, "longitude": -51.2093, "continent": "South America", "timeZone": "America/Santiago"},
  {"regionId": "jp-tok", "regionName": "Tokyo Metro", "countryCode": "JP", "latitude": 35.6762, "longitude": 139.6503, "continent": "Asia", "timeZone": "Asia/Tokyo"},
  {"regionId": "jp-osk", "regionName": "Osaka Metro", "countryCode": "JP", "latitude": 34.6937, "longitude": 135.5023, "continent": "Asia", "timeZone": "Asia/Tokyo"},
  {"regionId": "cn-bei", "regionName": "Beijing Metro", "countryCode": "CN", "latitude": 39.9042, "longitude": 116.4074, "continent": "Asia", "timeZone": "Asia/Shanghai"},
  {"regionId": "cn-sha", "regionName": "Shanghai Metro", "countryCode": "CN", "latitude": 31.2304, "longitude": 121.4737, "continent": "Asia", "timeZone": "Asia/Shanghai"},
  {"regionId": "cn-shz", "regionName": "Shenzhen Metro", "countryCode": "CN", "latitude": 22.5431, "longitude": 114.0579, "continent": "Asia", "timeZone": "Asia/Shanghai"},
  {"regionId": "cn-gua", "regionName": "Guangzhou Metro", "countryCode": "CN", "latitude": 23.1291, "longitude": 113.2644, "continent": "Asia", "timeZone": "Asia/Shanghai"},
  {"regionId": "in-del", "regionName": "Delhi Metro", "countryCode": "IN", "latitude": 28.7041, "longitude": 77.1025, "continent": "Asia", "timeZone": "Asia/Kolkata"},
  {"regionId": "in-mum", "regionName": "Mumbai Metro", "countryCode": "IN", "latitude": 19.0760, "longitude": 72.8777, "continent": "Asia", "timeZone": "Asia/Kolkata"},
  {"regionId": "in-ben", "regionName": "Bangalore Metro", "countryCode": "IN", "latitude": 12.9716, "longitude": 77.5946, "continent": "Asia", "timeZone": "Asia/Kolkata"},
  {"regionId": "sg-sin", "regionName": "Singapore Metro", "countryCode": "SG", "latitude": 1.3521, "longitude": 103.8198, "continent": "Asia", "timeZone": "Asia/Singapore"},
  {"regionId": "hk-hkg", "regionName": "Hong Kong Metro", "countryCode": "HK", "latitude": 22.3193, "longitude": 114.1694, "continent": "Asia", "timeZone": "Asia/Hong_Kong"},
  {"regionId": "kr-sel", "regionName": "Seoul Metro", "countryCode": "KR", "latitude": 37.5665, "longitude": 126.9780, "continent": "Asia", "timeZone": "Asia/Seoul"},
  {"regionId": "tw-tai", "regionName": "Taipei Metro", "countryCode": "TW", "latitude": 25.0330, "longitude": 121.5654, "continent": "Asia", "timeZone": "Asia/Taipei"},
  {"regionId": "th-bkk", "regionName": "Bangkok Metro", "countryCode": "TH", "latitude": 13.7563, "longitude": 100.5018, "continent": "Asia", "timeZone": "Asia/Bangkok"},
  {"regionId": "my-kua", "regionName": "Kuala Lumpur Metro", "countryCode": "MY", "latitude": 3.1390, "longitude": 101.6869, "continent": "Asia", "timeZone": "Asia/Kuala_Lumpur"},
  {"regionId": "id-jak", "regionName": "Jakarta Metro", "countryCode": "ID", "latitude": -6.2088, "longitude": 106.8456, "continent": "Asia", "timeZone": "Asia/Jakarta"},
  {"regionId": "ph-man", "regionName": "Manila Metro", "countryCode": "PH", "latitude": 14.5994, "longitude": 120.9842, "continent": "Asia", "timeZone": "Asia/Manila"},
  {"regionId": "vn-hho", "regionName": "Ho Chi Minh Metro", "countryCode": "VN", "latitude": 10.7769, "longitude": 106.7009, "continent": "Asia", "timeZone": "Asia/Ho_Chi_Minh"},
  {"regionId": "vn-han", "regionName": "Hanoi Metro", "countryCode": "VN", "latitude": 21.0285, "longitude": 105.8542, "continent": "Asia", "timeZone": "Asia/Ho_Chi_Minh"},
  {"regionId": "pk-khi", "regionName": "Karachi Metro", "countryCode": "PK", "latitude": 24.8607, "longitude": 67.0011, "continent": "Asia", "timeZone": "Asia/Karachi"},
  {"regionId": "ae-dub", "regionName": "Dubai Metro", "countryCode": "AE", "latitude": 25.2048, "longitude": 55.2708, "continent": "Asia", "timeZone": "Asia/Dubai"},
  {"regionId": "sa-riy", "regionName": "Riyadh Metro", "countryCode": "SA", "latitude": 24.7136, "longitude": 46.6753, "continent": "Asia", "timeZone": "Asia/Riyadh"},
  {"regionId": "au-syd", "regionName": "Sydney Metro", "countryCode": "AU", "latitude": -33.8688, "longitude": 151.2093, "continent": "Oceania", "timeZone": "Australia/Sydney"},
  {"regionId": "au-mel", "regionName": "Melbourne Metro", "countryCode": "AU", "latitude": -37.8136, "longitude": 144.9631, "continent": "Oceania", "timeZone": "Australia/Melbourne"},
  {"regionId": "au-bri", "regionName": "Brisbane Metro", "countryCode": "AU", "latitude": -27.4698, "longitude": 153.0251, "continent": "Oceania", "timeZone": "Australia/Brisbane"},
  {"regionId": "au-per", "regionName": "Perth Metro", "countryCode": "AU", "latitude": -31.9505, "longitude": 115.8605, "continent": "Oceania", "timeZone": "Australia/Perth"},
  {"regionId": "nz-auk", "regionName": "Auckland Metro", "countryCode": "NZ", "latitude": -37.0742, "longitude": 174.8859, "continent": "Oceania", "timeZone": "Pacific/Auckland"},
  {"regionId": "nz-wel", "regionName": "Wellington Metro", "countryCode": "NZ", "latitude": -41.2865, "longitude": 174.7762, "continent": "Oceania", "timeZone": "Pacific/Auckland"},
  {"regionId": "za-joh", "regionName": "Johannesburg Metro", "countryCode": "ZA", "latitude": -26.2023, "longitude": 28.0436, "continent": "Africa", "timeZone": "Africa/Johannesburg"},
  {"regionId": "eg-cai", "regionName": "Cairo Metro", "countryCode": "EG", "latitude": 30.0444, "longitude": 31.2357, "continent": "Africa", "timeZone": "Africa/Cairo"},
  {"regionId": "ng-lag", "regionName": "Lagos Metro", "countryCode": "NG", "latitude": 6.5244, "longitude": 3.3792, "continent": "Africa", "timeZone": "Africa/Lagos"},
  {"regionId": "ke-nai", "regionName": "Nairobi Metro", "countryCode": "KE", "latitude": -1.2865, "longitude": 36.8172, "continent": "Africa", "timeZone": "Africa/Nairobi"}
]
